Accuracy,Precision,Recall,F1 Score,IoU,AUC
0.9826245989118304,0.968337806665337,0.9627533396920855,0.9655374983989593,0.9333711921936214,0.9975060028765926
